,idmi,KLD
0,9.18,393.56842323770553
1,6.94,642.4333402643425
2,5.15,719.1684541706994
3,3.58,707.7650592225718
4,1.57,829.3655346525396
